{
  "version": "1.0",
  "defaultProvider": "cdnjs",
  "libraries": [
    {
      "provider": "cdnjs",
      "library": "bootstrap@5.1.3",
      "destination": "wwwroot/lib/bootstrap/"
    },
    {
      "provider": "cdnjs",
      "library": "jquery@3.6.0",
      "destination": "wwwroot/lib/jquery/"
    }
  ,
{
  "provider": "cdnjs",
  "library": "jquery-validate@1.19.4",
  "destination": "wwwroot/lib/jquery-validate/"
}
,
{
  "provider": "cdnjs",
  "library": "jquery-validation-unobtrusive@3.2.12",
  "destination": "wwwroot/lib/jquery-validation-unobtrusive/"
}
]
}